番号,設備,入出位置,接触面,ロール径MAX,ロール径MIN,ロール面長,材質,硬度,本数,ロール名,ロール使用条件,駆動方式,基準番号,備考
1,2HI,ー,上下,965,910,2500,,Hs90°以上,2,ワークロール,,,,
2,APC(№4CCL),ー,,80,,,,,,プロテクトフィルムアンワインダ,,,,73
3,APC(№4CCL),ー,,85,,,,,,サポートロール,,,,"19突,22押,48押"
4,APC(№4CCL),ー,,100,,,,,,ケミコータ・ダムロール,,,,29
5,APC(№4CCL),ー,,100,,,,,,板矯正装置,,,,68
6,APC(№4CCL),ー,,100,,,,,,プロテクトフィルムアンワインダ,,,,72
7,APC(№4CCL),ー,,150,,,,,,プロテクトフィルムアンワインダ,,,,"74,75"
8,APC(№4CCL),ー,,190,,,,,,出側№1スナバーロール,,,,78
9,APC(№4CCL),ー,,190,,,,,,出側№2スナバーロール,,,,79
10,APC(№4CCL),ー,,200,,,,,,№1スナバーロール,,,,10押
11,APC(№4CCL),ー,,200,,,,,,№2スナバーロール,,,,18突
12,APC(№4CCL),ー,,200,,,,,,№3スナバーロール,,,,33押
13,APC(№4CCL),ー,,200,,,,,,№4スナバーロール,,,,45押
14,APC(№4CCL),ー,,200,,,,,,№5スナバーロール,,,,61押
15,APC(№4CCL),ー,,200,,,,,,№6スナバーロール,,,,67押
16,APC(№4CCL),ー,,200,,,,,,板矯正装置,,,,69押
17,APC(№4CCL),ー,下,205,195,,,,,№1ガイディングスクイズロール下,,,,42突
18,APC(№4CCL),ー,上,205,195,,,,,№1ガイディングスクイズロール上,,,,43押
19,APC(№4CCL),ー,下,205,195,,,,,№2ガイディングスクイズロール下,,,,58突
20,APC(№4CCL),ー,上,205,195,,,,,№2ガイディングスクイズロール上,,,,59押
21,APC(№4CCL),ー,,210,200,,,,,前処理リンガーロール,,,,20押突
22,APC(№4CCL),ー,,215,,,,,,№1コータ・リフトロール,,,,40突
23,APC(№4CCL),ー,,215,,,,,,№2コータ・リフトロール,,,,56突
24,APC(№4CCL),ー,,220,,,,,,№1ペイオフリール,,,,1押
25,APC(№4CCL),ー,,220,,,,,,№2ペイオフリール,,,,4押
26,APC(№4CCL),ー,上,250,,,,,,№1ピンチロール上,,,,3押
27,APC(№4CCL),ー,,250,,,,,,デフレクターロール,,,,5突
28,APC(№4CCL),ー,上,250,,,,,,№2ピンチロール上,,,,7押
29,APC(№4CCL),ー,,250,,,,,,デフレクターロール,,,,8押
30,APC(№4CCL),ー,下,250,,,,,,№3ピンチロール下,,,,70突
31,APC(№4CCL),ー,上,250,,,,,,№3ピンチロール上,,,,71押
32,APC(№4CCL),ー,上,250,,,,,,№4ピンチロール上,,,,77押
33,APC(№4CCL),ー,,255,,,,,,ケミコータ・スタビライザーロール,,,,28突
34,APC(№4CCL),ー,,260,,,,,,前処理・スコッチブライトロール,,,,21
35,APC(№4CCL),ー,,300,,,,,,№1冷却・スタビライザーロール,,,,41突
36,APC(№4CCL),ー,,300,,,,,,№2冷却・スタビライザーロール,,,,57突
37,APC(№4CCL),ー,,350,,,,,,№1ピンチロール下,,,,2突
38,APC(№4CCL),ー,,350,,,,,,№2ピンチロール下,,,,6突
39,APC(№4CCL),ー,,400,,,,,,デフレクターロール,,,,11突
40,APC(№4CCL),ー,,400,,,,,,デフレクターロール,,,,12押
41,APC(№4CCL),ー,,400,,,,,,入側アキュームレータロール,,,,14突
42,APC(№4CCL),ー,,400,,,,,,№1ステアリングロール,,,,15突
43,APC(№4CCL),ー,,400,,,,,,№1張検ロール,,,,16押
44,APC(№4CCL),ー,,400,,,,,,デフレクターロール,,,,23押
45,APC(№4CCL),ー,,400,,,,,,№2ステアリングロール,,,,24押
46,APC(№4CCL),ー,,400,,,,,,デフレクターロール,,,,25押突
47,APC(№4CCL),ー,,400,,,,,,デフレクターロール,,,,30押
48,APC(№4CCL),ー,,400,,,,,,№3ステアリングロール,,,,31突
49,APC(№4CCL),ー,,400,,,,,,デフレクターロール,,,,34押突
50,APC(№4CCL),ー,,400,,,,,,デフレクターロール,,,,39突
51,APC(№4CCL),ー,,400,,,,,,デフレクターロール,,,,46突
52,APC(№4CCL),ー,,400,,,,,,№4ステアリングロール,,,,49押突
53,APC(№4CCL),ー,,400,,,,,,デフレクターロール,,,,20押
54,APC(№4CCL),ー,,400,,,,,,デフレクターロール,,,,62突
55,APC(№4CCL),ー,,400,,,,,,デフレクターロール,,,,64突
56,APC(№4CCL),ー,,400,,,,,,№2張検ロール,,,,65突
57,APC(№4CCL),ー,,400,,,,,,№4ピンチロール下,,,,76突
58,APC(№4CCL),ー,,500,,,,,,№1BR,,,,9押突
59,APC(№4CCL),ー,,500,,,,,,入側アキュームレータロール,,,,13押突
60,APC(№4CCL),ー,,500,,,,,,№2BR,,,,17押突
61,APC(№4CCL),ー,,500,,,,,,№3BR,,,,32押突
62,APC(№4CCL),ー,,500,,,,,,№1コータ・ホールドバックロール,,,,35押
63,APC(№4CCL),ー,,500,,,,,,№4BR,,,,44押突
64,APC(№4CCL),ー,,500,,,,,,№2コータ・ホールドバックロール,,,,51押
65,APC(№4CCL),ー,,500,,,,,,№5BR,,,,60押突
66,APC(№4CCL),ー,,500,,,,,,出側アキュームレータロール,,,,63押突
67,APC(№4CCL),ー,,500,,,,,,№6BR,,,,66押突
68,APC(№4CCL),ー,,755,,,,,,№1コータ・パッキングロール,,,,36
69,APC(№4CCL),ー,,755,,,,,,№2コータ・パッキングロール,,,,52
70,CAL,ー,下,200,,,,,,プレパレーション下ピンチロール,,,,Ａ１
71,CAL,ー,上,200,,,,,,プレパレーション上ピンチロール,,,,Ａ２
72,CAL,ー,下,―,,,,,,プレパレーションベンドロール,,,,Ａ３
73,CAL,ー,下,350,,,,,,クレイドルロール北,,,,Ｂ１
74,CAL,ー,下,350,,,,,,クレードルロール南,,,,Ｂ２
75,CAL,ー,上,300,,,,,,入側上デフレクターロール,,,,Ｃ１
76,CAL,ー,下,200,,,,,,入側下デフレクターロール,,,,Ｃ２
77,CAL,ー,下,―,,,,,,シャー送りベンドロール,,,,Ｄ１
78,CAL,ー,上,―,,,,,,シャー送りロール,,,,Ｄ２
79,CAL,ー,下,―,,,,,,シャー送りベンドロール,,,,Ｄ３
80,CAL,ー,下,120,,,,,,入側レベラー前パスロール,,,,Ｅ
81,CAL,ー,下,150,,,,,,入側レベラー1,,,,Ｆ１
82,CAL,ー,上,150,,,,,,入側レベラー2,,,,Ｆ２
83,CAL,ー,下,150,,,,,,入側レベラー3,,,,Ｆ３
84,CAL,ー,上,150,,,,,,入側レベラー4,,,,Ｆ４
85,CAL,ー,下,150,,,,,,入側レベラー5,,,,Ｆ５
86,CAL,ー,上,120,,,,,,トリマー前上ピンチロール,,,,Ｇ１
87,CAL,ー,下,120,,,,,,トリマー前下ピンチロール,,,,Ｇ２
88,CAL,ー,上,―,,,,,,ステッチャー上プレスロール,,,,Ｈ１
89,CAL,ー,下,―,,,,,,ステッチャー下プレスロール,,,,Ｈ２
90,CAL,ー,上,200,,,,,,洗浄槽入側上ロール,,,,Ｉ　１
91,CAL,ー,下,200,,,,,,洗浄槽入側下ロール,,,,Ｉ　２
92,CAL,ー,上,200,,,,,,洗浄槽出側上ロール,,,,Ｉ　３
93,CAL,ー,下,200,,,,,,洗浄槽出側下ロール,,,,Ｉ　４
94,CAL,ー,上,250,,,,,,入側BR#1スナバーロール,,,,Ｊ１
95,CAL,ー,下,250,,,,,,入側BR#2スナバーロール,,,,Ｊ２
96,CAL,ー,下,870,,,,,,入側BR#1,,,,Ｋ１
97,CAL,ー,上,870,,,,,,入側BR#2,,,,Ｋ２
98,CAL,ー,上,850,,,,,,#1デフレクターロール,,,,Ｌ
99,CAL,ー,下,850,,,,,,トップロール,,,,Ｍ１
100,CAL,ー,上,150,,,,,,トップ押さえロール,,,,Ｍ２
101,CAL,ー,下,120,,,,,,トップ下パスロール北,,,,Ｍ３
102,CAL,ー,上,120,,,,,,トップ下パスロール南,,,,Ｍ４
103,CAL,ー,上,850,,,,,,ボトムロール,,,,Ｎ
104,CAL,ー,上,250,,,,,,吸引ロール北,,,,Ｏ１
105,CAL,ー,下,250,,,,,,吸引ロール南,,,,Ｏ２
106,CAL,ー,上,250,,,,,,スクイズロール北,,,,Ｏ３
107,CAL,ー,下,250,,,,,,スクイズロール南,,,,Ｏ４
108,CAL,ー,上,200,,,,,,#3デフ下パスロール,,,,Ｐ１
109,CAL,ー,下,850,,,,,,#3デフレクターロール,,,,Ｐ２
110,CAL,ー,上,120,,,,,,TLV前パスロール,,,,Ｑ
111,CAL,ー,上,300,,,,,,TLV#1スナバーロール,,,,Ｒ１
112,CAL,ー,下,250,,,,,,TLV#4スナバーロール,,,,Ｒ２
113,CAL,ー,上,900,,,,,,TLV#1BR,,,,Ｓ１
114,CAL,ー,下,900,,,,,,TLV#2BR,,,,Ｓ２
115,CAL,ー,下,900,,,,,,TLV#3BR,,,,Ｓ３
116,CAL,ー,上,900,,,,,,TLV#4BR,,,,Ｓ４
117,CAL,ー,下,200,,,,,,TLVパスロール,,,,Ｔ１
118,CAL,ー,上,250,,,,,,調整ロール,,,,Ｔ２
119,CAL,ー,下,120,,,,,,出側ピンチ前,,,,Ｕ
120,CAL,ー,上,350,,,,,,出側ピンチ上ロール,,,,Ｖ１
121,CAL,ー,下,350,,,,,,出側ピンチ下ロール,,,,Ｖ２
122,CAL,ー,下,120,,,,,,オイラー前パスロール,,,,Ｗ
123,CAL,ー,上,200,,,,,,オイラー上ロール,,,,Ｘ１
124,CAL,ー,下,200,,,,,,オイラー下ロール,,,,Ｘ２
125,CAL,ー,上,200,,,,,,出側上デフレクターロール,,,,Ｙ１
126,CAL,ー,下,300,,,,,,出側下デフレクターロール,,,,Ｙ２
127,CAL,ー,下,150,,,,,,テイルキャッチャーロール,,,,Ｚ
128,DL2,ー,上,250,,,,,,スナバーロール,,,,A
129,DL2,ー,上,100,,,,,,ベンディングロールロール,,,,B
130,DL2,ー,下,320,,,,,,入側デフレクターロール,,,,C
131,DL2,ー,上,320,,,,,,入側デフピンチロール,,,,D
132,DL2,ー,上,150,,,,,,後面ロール,,,,E
133,DL2,ー,上,156,,,,,,入側シャー前上ピンチロール,,,,Ｆ１
134,DL2,ー,下,156,,,,,,入側シャー前下ピンチロール,,,,Ｆ２
135,DL2,ー,上,164,,,,,,トリマー前上ピンチロール,,,,Ｇ１
136,DL2,ー,下,164,,,,,,トリマー前下ピンチロール,,,,Ｇ２
137,DL2,ー,上,120,,,,,,トリマー前板押さえロール,,,,H
138,DL2,ー,,150,,,,,,チョッパー前ピンチロール,,,,I
139,DL2,ー,下,180,,,,,,パスラインロール,,,,J
140,DL2,ー,下,120,,,,,,洗浄槽前パスラインロール,,,,K
141,DL2,ー,上,250,,,,,,#1上リンガーロール,,,,Ｌ１
142,DL2,ー,下,250,,,,,,#1下リンガーロール,,,,Ｌ２
143,DL2,ー,上,300,,,,,,上ブラシロール,,,,Ｍ１
144,DL2,ー,下,300,,,,,,下ブラシロール,,,,Ｍ２
145,DL2,ー,上,250,,,,,,#2上リンガーロール,,,,Ｌ３
146,DL2,ー,下,250,,,,,,#2下リンガーロール,,,,Ｌ４
147,DL2,ー,上,250,,,,,,#3上リンガーロール,,,,Ｌ５
148,DL2,ー,下,250,,,,,,#3下リンガーロール,,,,Ｌ6
149,DL2,ー,下,,,,,,,出側シャー後パスラインロール,,,,N
150,DL2,ー,下,320,,,,,,出側デフレクターロール,,,,O
151,DL2,ー,上,250,,,,,,出側コイル押さえロール,,,,P
152,HOT,ー,上下,930,885,2500,特殊鍛鋼,Hs68～72°,2,ワークロール,,,,
153,HOT,ー,上下,1430,1350,2450,特殊鍛鋼,Hs45～50°,2,バックアップロール,,,,
154,HOT,,下,215.6,,,SCM440,Hs70°±3,15,A1テーブルローラー,,,,
155,HOT,,下,215.6,,,SCM440,Hs70°±3,16,A2テーブルローラー,,,,
156,HOT,,下,215.6,,,SCM440,Hs70°±3,18,A3テーブルローラー,,,,
157,HOT,,下,215.6,,,SCM440,Hs70°±3,12,A4テーブルローラー,,,,
158,HOT,,下,215.6,,,SCM440,Hs70°±3,12,A5テーブルローラー,,,,
159,HOT,,下,215.6,,,SCM440,Hs70°±3,12,A6テーブルローラー,,,,
160,HOT,,下,215.6,,,SCM440,Hs70°±3,12,A7テーブルローラー,,,,
161,HOT,,下,215.6,,,SCM440,Hs70°±3,12,A8テーブルローラー,,,,
162,HOT,,下,215.6,,,SCM440,Hs70°±3,12,A9テーブルローラー,,,,
163,HOT,,下,265.6,,,SCM440,Hs70°±3,12,Bテーブルローラー,,,,勾配あり　センター193.6
164,HOT,,下,265.6,,,SCM440,Hs70°±3,12,C1テーブルローラー,,,,勾配あり　センター193.6
165,HOT,,下,265.6,,,SCM440,Hs70°±3,7,C2テーブルローラー,,,,勾配あり　センター193.6
166,HOT,,下,302.6,223.6,,SCM440,Hs70°±3,14,D1テーブルローラー,,,,勾配あり
167,HOT,,下,302.6,223.6,,SCM440,Hs70°±3,14,D2テーブルローラー,,,,勾配あり
168,HOT,,下,,,,SCM440,Hs70°±3,8,E1テーブルローラー,,,,
169,HOT,,下,,,,SCM440,Hs70°±3,8,E2テーブルローラー,,,,
170,HOT,,下,291.6,214.75,,SCM440,Hs70°±3,8,Fテーブルローラー,,,,勾配あり
171,HOT,,下,230,,,,,2,3ロール下,,,,
172,HOT,ー,上,350,,2400,S45C,,1,3ロール上,,,,"胴部表面WC,Ni・Cr系添加金属溶射"
173,HOT,,,259.4,,,SCM440,,2,デフレッシングテーブルローラー,,,,
174,HOT,,下,265.6,,,SCM440,Hs70°±3,10,G1テーブルローラー,,,,勾配あり　センター193.6
175,HOT,,下,265.6,,,SCM440,Hs70°±3,10,G2テーブルローラー,,,,勾配あり　センター193.6
176,HOT,,下,265.6,,,SCM440,Hs70°±3,10,G3テーブルローラー,,,,勾配あり　センター193.6
177,HOT,,下,265.6,,,SCM440,Hs70°±3,11,H1テーブルローラー,,,,勾配あり　センター193.6
178,HOT,,下,265.6,,,SCM440,Hs70°±3,11,H2テーブルローラー,,,,勾配あり　センター193.6
179,HOT,,下,,,,SCM440,Hs70°±3,12,J1テーブルローラー,,,,
180,HOT,,下,,,,SCM440,Hs70°±3,14,J2テーブルローラー,,,,
181,HOT,,下,,,,SCM440,Hs70°±3,18,J3テーブルローラー,,,,
182,HOT,,,,,,,,5,ﾁﾙﾁﾝｸﾞﾎﾟｯﾄ,,,,
183,HOT,,下,238.6,,,SCM440,Hs70°±3,5,K1テーブルローラー,,,,
184,HOT,,下,238.6,,,SCM440,Hs70°±3,9,K2テーブルローラー,,,,
185,L-1,入側,上,248,,,,,,入側スナバーロール,,,,
186,L-1,入側,上下,220,,,,,,入側上下ピンチロール,,,,
187,L-1,入側,上下,170,,,,,,入側BR,,,,
188,L-1,入側,下,170,,,,,,入側下カラーロール,,,,
189,L-1,ー,上下,406.5,378,1675,特殊鍛鋼,Hs94～100,,ワークロール,,,,
190,L-1,ー,上下,1120,1020,1600,特殊鍛鋼,Hs65～70,,バックアップロール,,,,
191,L-1,出側,下,313,,1700,,,,出側デフレクター(センサー)ロール,,,,
192,L-1,出側,下,150,,,,,,テールキャッチャー,,,,
193,L-2,,,,,,,,,油切りロール,,,,
194,L-2,,,,,,,,,スナバーロール,,,,
195,L-2,入側,下,130,,,,,,入側アイドルロール,,,,
196,L-2,入側,上下,200,,,,,,入側上下ピンチロール,,,,
197,L-2,入側,上下,100,,,,,,入側BR,,,,
198,L-2,入側,上下,100,,,,,,入側上下カラーロール,,,,
199,L-2,ー,上下,422.5,393,1675,特殊鍛鋼,Hs94～100,,ワークロール,,,,
200,L-2,ー,上下,1120,1080,1600,特殊鍛鋼,Hs65～70,,バックアップロール,,,,
201,L-2,出側,下,180,,1650,,,,出側センサーロール,,,,
202,L-2,出側,下,300,,,,,,出側デフレクターロール,,,,
203,L-2,出側,下,157,,,,,,アイアニングロール,,,,
204,L-2,出側,下,151,,,,,,テールキャッチャー,,,,
205,L-3,入側,上下,200,,,,,,入側上下ピンチロール,,,,
206,L-3,入側,上下,140,,,,,,入側BR,,,,
207,L-3,入側,上下,150,,,,,,入側上下カラーロール,,,,
208,L-3,ー,上下,500,533,1950,特殊鍛鋼,Hs94～100,,ワークロール,,,,
209,L-3,ー,上下,1300,1353,1875,特殊鍛鋼,Hs65～70,,バックアップロール,,,,
210,L-3,出側,下,180,,1850,,,,出側センサーロール,,,,
211,L-3,出側,下,313,,,,,,出側デフレクターロール,,,,
212,L-3,出側,下,157,,,,,,アイアニングロール,(薄板のみ),,Q-S-CR-CM3-032,出側板厚0.55㎜以下、0.80㎜以下で巻き滑りやすいもの
213,L-3,出側,下,,,,,,,テールキャッチャー,,,,
214,L-3,入側,上,,,,,,,ベンドロール,,,,
215,L-3,入側,上,260,,,,,,スナバーロール,,,,
216,L-3,入側,下,,,,,,,下コイル押さえ,,,,
217,LS3,ー,上,160,,,,,,入側ﾋﾟﾝﾁﾛｰﾙ,,,,A
218,LS3,ー,下,220,,,,,,入側下ﾃﾞﾌﾚｸﾀｰﾛｰﾙ,,,,B
219,LS3,ー,下,120,,,,,,ﾍﾞﾝﾀﾞｰﾛｰﾙ,,,,C
220,LS3,ー,上,300,,,,,,入側上ﾃﾞﾌﾚｸﾀｰﾛｰﾙ,,,,D
221,LS3,ー,上,,,,,,,下面検査計ﾛｰﾙ,,,,E
222,LS3,ー,下,,,,,,,上面検査計ﾛｰﾙ,,,,F
223,LS3,ー,下,200,,,,,,入側#1BR,,,,G
224,LS3,ー,上,200,,,,,,入側#2BR,,,,H
225,LS3,ー,下,200,,,,,,入側#3BR,,,,I
226,LS3,ー,上,120,,,,,,板押さえﾛｰﾙ,,,,J
227,LS3,ー,上,140,,,,,,ﾊﾟｽﾗｲﾝﾛｰﾙ,,,,K
228,LS3,ー,下,170,,,,,,ﾊﾞﾘﾎﾞｳﾛｰﾙ,,,,L
229,LS3,ー,下,200,,,,,,出側#1BR,,,,M
230,LS3,ー,上,200,,,,,,出側#2BR,,,,N
231,LS3,ー,上,120,,,,,,出側ﾋﾟﾝﾁﾛｰﾙ,,,,O
232,LS3,ー,下,200,,,,,,出側#3BR,,,,P
233,LS3,ー,下,300,,,,,,出側ﾃﾞﾌﾚｸﾀｰﾛｰﾙ,,,,Q
234,LS3,ー,上,100,,,,,,ｱｲｱﾆﾝｸﾞﾛｰﾙ,,,,R　図？
235,LS3,ー,下,,,,,,,出側#2ﾃﾞﾌﾚｸﾀｰﾛｰﾙ,,,,S
236,LS3,ー,上,,,,,,,ﾃｲﾙｷｬｯﾁｬｰﾛｰﾙ,,,,T
237,LS4,ー,上,280,,,,,,ｽﾅﾊﾞｰﾛｰﾙ,,,,コイル表面に接触
238,LS4,ー,上,100,,,,,,ﾍﾞﾝﾄﾞﾛｰﾙ,,,,
239,LS4,ー,上,500,,,,,,入側ｼｬｰ前上ﾋﾟﾝﾁﾛｰﾙ,,,,
240,LS4,ー,下,500,,,,,,入側ｼｬｰ前下ﾋﾟﾝﾁﾛｰﾙ,,,,
241,LS4,ー,下,170,,,,,,ﾗﾌﾚﾍﾞﾗｰ1,,,,
242,LS4,ー,上,170,,,,,,ﾗﾌﾚﾍﾞﾗｰ2,,,,
243,LS4,ー,下,170,,,,,,ﾗﾌﾚﾍﾞﾗｰ3,,,,
244,LS4,ー,上,170,,,,,,ﾗﾌﾚﾍﾞﾗｰ4,,,,
245,LS4,ー,下,170,,,,,,ﾗﾌﾚﾍﾞﾗｰ5,,,,
246,LS4,ー,上,100,,,,,,入側ｼｬｰ前押えﾛｰﾙ,,,,
247,LS4,ー,下,98,,,,,,入側ﾃｰﾌﾞﾙﾛｰﾙ,,,,
248,LS4,ー,上,200,,,,,,ｽﾘｯﾀｰ前上ﾋﾟﾝﾁﾛｰﾙ,,,,
249,LS4,ー,下,60,,,,,,ｽﾘｯﾀｰ前下ﾋﾟﾝﾁﾛｰﾙ,,,,
250,LS4,ー,下,60,,,,,,ｻｲﾄﾞｶﾞｲﾄﾞ用ｺﾛ,,,,
251,LS4,ー,上,120,,,,,,ｽﾘｯﾀｰ前板押えﾛｰﾙ,,,,
252,LS4,ー,下,98,,,,,,ｶﾃﾅﾘｰﾛｰﾙ1,,,,
253,LS4,ー,下,80,,,,,,ｶﾃﾅﾘｰﾛｰﾙ2,,,,
254,LS4,ー,上,250,,,,,,上MDﾐﾆﾛｰﾙ,,,,
255,LS4,ー,下,250,,,,,,下MDﾐﾆﾛｰﾙ,,,,
256,LS4,ー,上,400,,,,,,上MD主ﾛｰﾙ,,,,
257,LS4,ー,下,400,,,,,,下MD主ﾛｰﾙ,,,,
258,LS4,ー,上,200,,,,,,出側ｼｬｰ前上ﾋﾟﾝﾁﾛｰﾙ,,,,
259,LS4,ー,下,200,,,,,,出側ｼｬｰ前上ﾋﾟﾝﾁﾛｰﾙ,,,,
260,LS4,ー,下,500,,,,,,下ﾃﾞﾌﾚｸﾀｰﾛｰﾙ,,,,
261,LS4,ー,上,500,,,,,,上ﾃﾞﾌﾚｸﾀｰﾛｰﾙ,,,,
262,LS4,ー,上,190,,,,,,ｺｲﾙ押えﾛｰﾙ,,,,
263,TLV,ー,上,152,139,,ウレタン,,,入側ピンチロール,,M駆動,,Ｂ１
264,TLV,ー,上,254,228,,ウレタン,,,入側デフレクター上ロール,,フリー,,Ａ１
265,TLV,ー,下,254,228,,ウレタン,,,入側デフレクター下ロール,,フリー,,Ａ２
266,TLV,ー,上,152,139,,ウレタン,,,入側#2ピンチロール,,M駆動,,Ｂ２
267,TLV,ー,下,152,139,,ウレタン,,,スリーロール#1ロール,,フリー,,Ｃ１
268,TLV,ー,上,152,139,,ウレタン,,,スリーロール#2ロール,,フリー,,Ｃ２
269,TLV,ー,下,152,139,,ウレタン,,,スリーロール#3ロール,,フリー,,Ｃ３
270,TLV,ー,下,165,,,,,,#1パスラインロール,,,,Ｄ１
271,TLV,ー,上,300,,,ナイロン,,,#1ブラシ上ロール,,M駆動,,Ｇ１
272,TLV,ー,下,300,,,ナイロン,,,#1ブラシ下ロール,,M駆動,,Ｇ２
273,TLV,ー,上,300,,,ナイロン,,,#2ブラシ上ロール,,M駆動,,Ｇ３
274,TLV,ー,下,300,,,ナイロン,,,#2ブラシ下ロール,,M駆動,,Ｇ４
275,TLV,ー,上,200,170,,不織布,,,#1リンガー上ロール,,フリー,,Ｆ１
276,TLV,ー,下,200,170,,不織布,,,#1リンガー下ロール,,フリー,,Ｆ２
277,TLV,ー,上,230,170,,不織布,,,#2リンガー上ロール,,フリー,,Ｆ３
278,TLV,ー,下,230,170,,不織布,,,#2リンガー下ロール,,フリー,,Ｆ４
279,TLV,ー,上,260,242,,ウレタン,,,入側スナバーロール,,フリー,,Ｈ１
280,TLV,ー,下,915,911,,不織布,,,#1BR,,M駆動,,Ｊ１
281,TLV,ー,上,915,911,,不織布,,,#2BR,,M駆動,,Ｊ２
282,TLV,ー,上,915,911,,不織布,,,#3BR,,M駆動,,Ｊ３
283,TLV,ー,下,915,911,,不織布,,,#4BR,,M駆動,,Ｊ４
284,TLV,ー,上,152,144,,ウレタン,,,入側スレッディングロール,,フリー,,Ｉ１
285,TLV,ー,上,152,,,ウレタン,,,出側スレッディングロール,,フリー,,Ｉ２
286,TLV,ー,上,13,11,,SUJ2,HS94°以上,,プリフレックス№1上WR,,,,高周波焼入材に変更
287,TLV,ー,下,16,13,,SUJ2,HS94°以上,,プリフレックス№1下WR,,,,
288,TLV,ー,上,22.5,20,,SUJ2,HS94°以上,,プリフレックス№2上WR,,,,
289,TLV,ー,下,28.5,24,,SUJ2,HS94°以上,,プリフレックス№2下WR,,,,
290,TLV,ー,上,38.5,24.6,,SUJ2,HS94°以上,,プリフレックス№3上WR,,,,
291,TLV,ー,下,45,34.1,,SUJ2,HS94°以上,,プリフレックス№3下WR,,,,
292,TLV,ー,上下,32,28.8,,SUJ2,HS80°～85°,,プリフレックス№1中間,,,,4本
293,TLV,ー,上下,51,46.8,,SUJ2,HS80°～85°,,"プリフレックス№2,3中間",,,,8本
294,TLV,ー,上下,45,40.5,,SUJ2,HS80°～85°,,フラットナーWR,,,,6本
295,TLV,ー,上下,62,57.9,,SUJ2,HS80°～85°,,フラットナー中間,,,,8本
296,TLV,ー,上下,63.5,,,SUJ2,HS80°～85°,,レベラーBUR,,,,212本
297,TLV,ー,下,1220,1196,,不織布,,,#5BR,,M駆動,,Ｋ１　当初の限界径よりフランジ削り使用。最小径更新
298,TLV,ー,上,1220,1196,,不織布,,,#6BR,,M駆動,,Ｋ２　当初の限界径よりフランジ削り使用。最小径更新
299,TLV,ー,上,1220,1196,,不織布,,,#7BR,,M駆動,,Ｋ３　当初の限界径よりフランジ削り使用。最小径更新
300,TLV,ー,下,1220,1196,,不織布,,,#8BR,,M駆動,,Ｋ４　当初の限界径よりフランジ削り使用。最小径更新
301,TLV,ー,上,152,139,,ウレタン,,,出側スナバーロール,,フリー,,Ｈ２
302,TLV,ー,下,165,146,,ウレタン,,,#2パスラインロール,,フリー,,Ｄ２
303,TLV,ー,下,165,146,,ウレタン,,,#3パスラインロール,,フリー,,Ｄ３
304,TLV,ー,上,152,139,,ウレタン,,,出側ピンチ上ロール,,M駆動,,Ｌ１
305,TLV,ー,下,152,139,,ウレタン,,,出側ピンチ下ロール,,M駆動,,Ｌ２
306,TLV,ー,下,100,92,,ウレタン,,,#4パスラインロール,,フリー,,Ｄ４
307,TLV,ー,下,394,,,ウレタン,,,出側デフレクターロール,,フリー,,Ｍ
308,TLV,ー,上,100,,1800,エステル系ポリウレタンゴム,HS90°±3°,1,アイアニングロール,,,,Ｎ　クラウンロール　エッジ部φ96
309,FS4,ー,上,250,,,,,,スナバーロール,,,,Ａ
310,FS4,ー,上,,,,,,,クレイドルロール,,,,Ａ１
311,FS4,ー,上,100,,,,,,ベンディングロール,,,,Ｂ
312,FS4,ー,下,300,,,,,,#1デフレクターロール,,,,Ｃ
313,FS4,ー,上,420,,,,,,#2デフレクターロール,,,,Ｄ
314,FS4,ー,下,150,,,,,,#3デフレクターロール,,,,Ｅ
315,FS4,ー,上,120,,,,,,#1フィーダーロール,,,,Ｆ１
316,FS4,ー,下,120,,,,,,#1フィーダー下パスロール,,,,Ｆ２
317,FS4,ー,下,150,,,,,,#2フィーダー前パスロール,,,,Ｇ
318,FS4,ー,上,300,,,,,,#2上フィーダーロール,,,,Ｈ１
319,FS4,ー,下,300,,,,,,#2下フィーダーロール,,,,Ｈ２
320,FS4,ー,上,,,,,,,アンコイラー上ブラシロール,,,,Ｉ １
321,FS4,ー,下,,,,,,,アンコイラー下ブラシロール,,,,Ｉ ２
322,FS4,ー,下,,,,,,,オーバーショットロール,,,,J
323,FS4,ー,下,150,,,,,,ホールドダウンロール,,,,Ｋ
324,FS4,ー,上,100,,,,,,トリマー板押さえロール,,,,Ｌ
325,FS4,ー,下,100,,,,,,トリマー後パスラインロール,,,,Ｍ
326,FS4,ー,下,100,,,,,,洗浄槽前パスラインロール,,,,Ｎ
327,FS4,ー,下,,,,,,,洗浄槽バスケットロール,,,,Ｏ
328,FS4,ー,上,65,,,,,,洗浄不可パスラインロール,,,,Ｐ
329,FS4,ー,上,300,,,,,,入側上洗浄槽ブラシロール,,,,Ｑ１
330,FS4,ー,下,300,,,,,,入側下洗浄槽ブラシロール,,,,Ｑ２
331,FS4,ー,上,300,,,,,,出側上洗浄槽ブラシロール,,,,Ｑ３
332,FS4,ー,下,300,,,,,,出側下洗浄槽ブラシロール,,,,Ｑ４
333,FS4,ー,上,300,,,,,,入側上洗浄槽リンガーロール,,,,Ｑ５
334,FS4,ー,下,300,,,,,,入側下洗浄槽リンガーロール,,,,Ｑ6
335,FS4,ー,上,300,,,,,,出側上洗浄槽リンガーロール,,,,Ｑ7
336,FS4,ー,下,300,,,,,,出側下洗浄槽リンガーロール,,,,Ｑ8
337,FS4,ー,上,300,,,,,,ループ前上ピンチロール,,,,Ｒ１
338,FS4,ー,下,300,,,,,,ループ前下ピンチロール,,,,Ｒ２
339,FS4,ー,下,100,,,,,,ループ前バスケットロール,,,,Ｓ１
340,FS4,ー,下,100,,,,,,ループ後バスケットロール,,,,Ｓ２
341,FS4,ー,下,,,,,,,ガイドロール前パスロール,,,,Ｔ
342,FS4,ー,上,100,,,,,,上ガイドロール,,,,Ｕ１
343,FS4,ー,下,100,,,,,,下ガイドロール,,,,Ｕ２
344,FS4,ー,上,180,,,,,,メジャーリング押さえロール,,,,Ｖ１
345,FS4,ー,下,95.5,,,,,,メジャーリングロール,,,,Ｖ２
346,FS4,ー,上,250,,,,,,#3上フィーダーロール,,,,Ｗ１
347,FS4,ー,下,250,,,,,,#3下フィーダーロール,,,,Ｗ２
348,FS4,ー,上,250,,,,,,#4上フィーダーロール,,,,Ｘ１
349,FS4,ー,下,250,,,,,,#4下フィーダーロール,,,,Ｘ２
350,FS4,ー,下,,,,,,,#4フィーダー出側パスラインロール,,,,Ｙ
351,FS4,ー,下,,,,,,,キャリーオーバーロール,,,,ｂ
352,FS4,ー,上,,,,,,,上塗油ロール,,,,ｄ１
353,FS4,ー,下,,,,,,,下塗油ロール,,,,ｄ２
354,FS4,ー,上,250,,,,,,スナバーロール,,,,Ａ
355,FS4,ー,上,100,,,,,,ベンディングロール,,,,Ｂ
356,FS4,ー,下,320,,,,,,入側デフレクターロール,,,,Ｃ
357,FS4,ー,上,320,,,,,,入側デフピンチロール,,,,Ｄ
358,FS4,ー,下,150,,,,,,後面ロール,,,,Ｅ
359,FS4,ー,上,156,,,,,,入側シャー前上ピンチロール,,,,Ｆ１
360,FS4,ー,下,156,,,,,,入側シャー前下ピンチロール,,,,Ｆ２
361,FS4,ー,上,164,,,,,,トリマー前上ピンチロール,,,,Ｇ１
362,FS4,ー,下,164,,,,,,トリマー前下ピンチロール,,,,Ｇ２
363,FS4,ー,上,120,,,,,,トリマー前押さえロール,,,,Ｈ
364,FS4,ー,下(屑),150,,,,,,チョッパー前ピンチロール,,,,Ｉ　屑
365,FS4,ー,下,180,,,,,,パスラインロール,,,,Ｊ
366,FS4,ー,下,120,,,,,,洗浄槽前パスラインロール,,,,Ｋ
367,FS4,ー,上,250,,,,,,#1上リンガーロール,,,,Ｌ１
368,FS4,ー,下,250,,,,,,#1下リンガーロール,,,,Ｌ２
369,FS4,ー,上,300,,,,,,上ブラシロール,,,,Ｍ１
370,FS4,ー,下,300,,,,,,下ブラシロール,,,,Ｍ２
371,FS4,ー,上,250,,,,,,#2上リンガーロール,,,,Ｌ３
372,FS4,ー,下,250,,,,,,#2下リンガーロール,,,,Ｌ４
373,FS4,ー,上,250,,,,,,#3上リンガーロール,,,,Ｌ５
374,FS4,ー,下,250,,,,,,#3下リンガーロール,,,,Ｌ6
375,FS4,ー,下,,,,,,,出側シャー後パスラインロール,,,,Ｎ
376,FS4,ー,下,320,,,,,,出側デフレクターロール,,,,Ｏ
377,FS4,ー,上,250,,,,,,出側コイル押さえロール,,,,Ｐ
